<!DOCTYPE hibernate-configuration PUBLIC
        "-//Hibernate/Hibernate Configuration DTD 3.0//EN"
        "http://www.hibernate.org/dtd/hibernate-configuration-3.0.dtd">

<hibernate-configuration>

    <session-factory>

        <!-- JDBC Database connection settings -->
        <property name="connection.driver_class">org.postgresql.Driver</property>
        <property name="connection.url">jdbc:postgresql://localhost:5432/tvTutorial?useSSL=false&amp;serverTimezone=UTC</property>
        <property name="connection.username">postgres</property>
        <property name="connection.password">314159</property>

		

        <!-- JDBC connection pool settings ... using built-in test pool -->
        <property name="connection.pool_size">1</property>

        <!-- Select our SQL dialect -->
        <property name="dialect">org.hibernate.dialect.PostgreSQLDialect</property>

        <!-- Echo the SQL to stdout -->
        <property name="show_sql">true</property>

		<!-- Set the current session context -->
		<property name="current_session_context_class">thread</property>
 		
 		
 		
 		<property name="format_sql">true</property> <!-- Show SQL formatted -->
		
		<mapping class="com.trapview.entity.Sm_pests"/>
    </session-factory>

</hibernate-configuration>